arch,width,seed,noise,params
basenet18,4,0,0,43838
step,train_loss,train_acc,test_loss,test_acc,p_layer0,p_layer1,p_layer2,p_layer3,p_layer4,p_layer5,p_layer6,p_layer7,p_layer8,p_layer9,p_layer10,p_layer11,p_layer12,p_layer13,p_layer14,p_layer15,p_layer16
1,2.4396779537200928,0.1171875,2.3033237937927247,0.1,0.09118809551000595,-0.38790950179100037,-0.06665719300508499,3.562809433788061e-05,-0.0003302015538793057,0.0013134295586496592,0.010340769775211811,0.004084363114088774,0.006456569768488407,0.001526189036667347,3.6409928725333884e-05,0.0011357206385582685,-0.008286932483315468,0.0041276561096310616,0.0025984435342252254,-0.0012218802003189921,-0.0034346217289566994
