arch,width,seed,noise,params
transformer,80,0,0.0,6242560
epoch,train_loss,train_acc,test_loss,test_acc,p_enc_layer0,p_dec_layer0,p_enc_layer1,p_dec_layer1,p_enc_layer2,p_dec_layer2,p_enc_layer3,p_dec_layer3,p_enc_layer4,p_dec_layer4,p_enc_layer5,p_dec_layer5
1,9.69410247582515,0.04074752965467838,8.928338167618731,0.046064139941690965,0.006480357144027948,0.00017197328270412982,-0.022008802741765976,-0.00907936692237854,-0.04923700913786888,0.027172431349754333,-0.04211416095495224,0.03931962698698044,-0.014414101839065552,-0.0644150823354721,-0.011614566668868065,0.049665190279483795
