arch,width,seed,noise,params
transformer,400,0,0.0,52588800
epoch,train_loss,train_acc,test_loss,test_acc,p_enc_layer0,p_dec_layer0,p_enc_layer1,p_dec_layer1,p_enc_layer2,p_dec_layer2,p_enc_layer3,p_dec_layer3,p_enc_layer4,p_dec_layer4,p_enc_layer5,p_dec_layer5
1,8.193912912223341,0.0414006699955755,7.317903014591762,0.04664723032069971,-0.012400351464748383,0.0049885050393640995,-0.00120290438644588,0.012594789266586304,-0.01992638036608696,-0.009502345696091652,0.002141093136742711,-0.03591993451118469,-0.04002824053168297,-0.02576420269906521,-0.03827432543039322,-0.05000478774309158
