arch,width,seed,noise,params
simplecnn,,0,0.1,153950
epoch,train_loss,train_acc,test_loss,test_acc,p_layer0,p_layer1,p_layer2,p_layer3
1,2.0135744903945922,0.3058,2.5510771251678466,0.1764,-0.03216530382633209,0.06591024994850159,0.21497221291065216,-0.19334682822227478
