arch,width,seed,noise,params
simplecnn,,0,0.1,1557066
epoch,train_loss,train_acc,test_loss,test_acc,p_layer0,p_layer1,p_layer2,p_layer3
1,3.351281520690918,0.22346,1.8717746345520019,0.3595,-0.011602824553847313,0.006568698678165674,-0.15513423085212708,-0.05076848715543747
2,1.7476278063964843,0.38924,1.6533832998275757,0.3925,-0.05503341928124428,0.00690455874428153,-0.023686043918132782,-0.07530216127634048
3,1.5656609524917602,0.47858,1.373509837913513,0.5179,-0.016894729807972908,-0.010928433388471603,-0.04835880175232887,0.005221066065132618
4,1.4406055046463013,0.53852,1.3760583675384521,0.5071,-0.010046860203146935,-0.10715871304273605,-0.05451539158821106,0.04396318644285202
5,1.3369828438568114,0.58836,1.238295778274536,0.574,0.018023096024990082,-0.11098379641771317,0.00806490983814001,-0.044113557785749435
