arch,width,seed,noise,params
basenet18,4,0,0,43838
step,train_loss,train_acc,test_loss,test_acc,p_layer0,p_layer1,p_layer2,p_layer3,p_layer4,p_layer5,p_layer6,p_layer7,p_layer8,p_layer9,p_layer10,p_layer11,p_layer12,p_layer13,p_layer14,p_layer15,p_layer16
1,2.4396779537200928,0.1171875,2.3033237785339353,0.1,0.09118809551000595,-0.38790950179100037,-0.06665719300508499,3.5628065234050155e-05,-0.00033020187402144074,0.0013134294422343373,0.010340769775211811,0.004084363114088774,0.006456569768488407,0.001526189036667347,3.640988143160939e-05,0.0011357206385582685,-0.008286932483315468,0.0041276561096310616,0.0025984435342252254,-0.0012218800839036703,-0.0034346214961260557
1000,1.7474521398544312,0.3671875,1.7554498037338258,0.3401,0.1754046231508255,-0.055952008813619614,0.07550322264432907,0.03805069252848625,0.04235510528087616,0.0412021279335022,0.016648460179567337,0.00214302446693182,0.0694083571434021,0.015566299669444561,0.008124606683850288,0.011758089065551758,-0.005434760358184576,0.009575298056006432,0.018186504021286964,0.019501620903611183,0.05064094439148903
