arch,width,seed,noise,params
transformer,80,0,0.0,6242560
epoch,train_loss,train_acc,test_loss,test_acc,p_enc_layer0,p_dec_layer0,p_enc_layer1,p_dec_layer1,p_enc_layer2,p_dec_layer2,p_enc_layer3,p_dec_layer3,p_enc_layer4,p_dec_layer4,p_enc_layer5,p_dec_layer5
1,10.373961902007823,0.0,10.373513038790955,0.0,0.022189589217305183,-0.01809677481651306,-0.00582492258399725,-0.054436277598142624,0.006764867343008518,0.05193701386451721,0.0053696781396865845,0.04785740748047829,0.004236506763845682,0.006325986236333847,0.007581724785268307,0.02467240020632744
