arch,width,seed,noise,params
transformer,80,0,0.0,6242560
epoch,train_loss,train_acc,test_loss,test_acc,p_enc_layer0,p_dec_layer0,p_enc_layer1,p_dec_layer1,p_enc_layer2,p_dec_layer2,p_enc_layer3,p_dec_layer3,p_enc_layer4,p_dec_layer4,p_enc_layer5,p_dec_layer5
1,10.373496437429079,2.1778932526563493e-05,10.373491278557218,4.475073838718339e-05,0.034995194524526596,-0.007891591638326645,-0.005013332236558199,-0.04920472204685211,-0.0007350851083174348,0.05902305617928505,0.014515809714794159,0.056586943566799164,0.004622092470526695,0.00502173975110054,0.008980652317404747,0.01868077926337719
2,10.37349132120998,2.8270729721981454e-05,10.373491266362084,0.0,0.03914981707930565,-0.004709047731012106,-0.0011686759535223246,-0.04671015217900276,0.001425214926712215,0.060631200671195984,0.016619859263300896,0.06039179861545563,0.006515119224786758,0.009181471541523933,0.012015555053949356,0.02372189238667488
3,10.373491322437408,2.9527206598513966e-05,10.37349111814801,5.593842298397924e-06,0.04205995798110962,-0.0026357811875641346,0.001171950250864029,-0.04514950513839722,0.003127587493509054,0.061749301850795746,0.018162228167057037,0.06323578953742981,0.007729576900601387,0.012035997584462166,0.014249784871935844,0.027508720755577087
4,10.373491295158798,3.329663722811149e-05,10.373491154103913,1.1187684596795848e-05,0.044059090316295624,-0.0012093905825167894,0.0025379983708262444,-0.044018253684043884,0.004439166747033596,0.06258033961057663,0.019339630380272865,0.06495868414640427,0.008696604520082474,0.013629274442791939,0.015635129064321518,0.02980121597647667
