arch,width,seed,noise,params
transformer,80,0,0.0,6242560
epoch,train_loss,train_acc,test_loss,test_acc,p_enc_layer0,p_dec_layer0,p_enc_layer1,p_dec_layer1,p_enc_layer2,p_dec_layer2,p_enc_layer3,p_dec_layer3,p_enc_layer4,p_dec_layer4,p_enc_layer5,p_dec_layer5
1,10.373541925578108,2.0982703957128138e-05,10.373491361792526,0.0,0.028373083099722862,-0.014271875843405724,-0.017496109008789062,-0.0544736310839653,-0.00042630729149095714,0.05403970181941986,0.007200842723250389,0.04706735908985138,0.003282881109043956,0.0028152798768132925,0.006212218198925257,0.019813913851976395
2,10.373491301453026,1.0491351978564069e-05,10.37349142617629,0.0,0.029572850093245506,-0.013743419200181961,-0.016506532207131386,-0.05420025438070297,0.0004082167288288474,0.05440642312169075,0.008439267054200172,0.047489285469055176,0.0039177751168608665,0.003224792191758752,0.006769570522010326,0.020195087417960167
3,10.373491333404056,1.6786163165702512e-05,10.37349122284768,0.0,0.030518021434545517,-0.013236606493592262,-0.015630293637514114,-0.05383315309882164,0.0009918124414980412,0.054719485342502594,0.009137759916484356,0.04796505719423294,0.00437152199447155,0.003566674655303359,0.007149290293455124,0.020508529618382454
4,10.373491319316546,1.6786163165702512e-05,10.37349142617629,0.0,0.03129534050822258,-0.012776755727827549,-0.014895357191562653,-0.05347323417663574,0.001467692432925105,0.054982349276542664,0.009730229154229164,0.048420313745737076,0.004724315833300352,0.003898548660799861,0.007448652759194374,0.02078154869377613
5,10.373491367436195,6.294811187138442e-06,10.373491562780899,0.0,0.03200877085328102,-0.012309061363339424,-0.01420188881456852,-0.05313154309988022,0.0019111194415017962,0.055255018174648285,0.010256816633045673,0.04890540987253189,0.00498015433549881,0.0042144921608269215,0.007722823414951563,0.02105313539505005
