arch,width,seed,noise,params
transformer,80,0,0.0,6242560
epoch,train_loss,train_acc,test_loss,test_acc,p_enc_layer0,p_dec_layer0,p_enc_layer1,p_dec_layer1,p_enc_layer2,p_dec_layer2,p_enc_layer3,p_dec_layer3,p_enc_layer4,p_dec_layer4,p_enc_layer5,p_dec_layer5
1,10.373961902007823,0.0,10.373513038790955,0.0,0.022189589217305183,-0.01809677481651306,-0.00582492258399725,-0.054436277598142624,0.006764867343008518,0.05193701386451721,0.0053696781396865845,0.04785740748047829,0.004236506763845682,0.006325986236333847,0.007581724785268307,0.02467240020632744
2,10.37349847138507,2.10690432547458e-05,10.373492240905762,0.0,0.023345328867435455,-0.01776101440191269,-0.00596885709092021,-0.053403425961732864,0.005682413931936026,0.05185585096478462,0.005601460579782724,0.04941486567258835,0.0028454121202230453,0.007117530796676874,0.005269026383757591,0.021356642246246338
3,10.373491791847183,0.0,10.373491287231445,0.0,0.02364383637905121,-0.017691215500235558,-0.005862514488399029,-0.05336442589759827,0.005557498428970575,0.05191371962428093,0.005697919987142086,0.04949874058365822,0.002739180810749531,0.007199820131063461,0.005198139697313309,0.021329525858163834
4,10.373491399571439,0.0,10.373491287231445,0.0,0.023870520293712616,-0.017605287954211235,-0.005733465310186148,-0.05339891463518143,0.005576138850301504,0.051983363926410675,0.005955231375992298,0.04952633008360863,0.0028363834135234356,0.007251953240483999,0.005328232888132334,0.02135477587580681
5,10.373491228841171,2.10690432547458e-05,10.373490516506896,0.0,0.024063557386398315,-0.017517782747745514,-0.00560007942840457,-0.053391195833683014,0.005697260145097971,0.05206146091222763,0.006263161543756723,0.04957573115825653,0.0029725527856498957,0.0072901248931884766,0.005404380615800619,0.021379267796874046
6,10.373491410723057,6.320712976423741e-05,10.373491287231445,0.0,0.02424556575715542,-0.017437199130654335,-0.005453539080917835,-0.05338873341679573,0.005869132466614246,0.05212283134460449,0.0065325223840773106,0.049632687121629715,0.0029804911464452744,0.007299645803868771,0.005386736243963242,0.02142156846821308
