arch,width,seed,noise,params
simplecnn,,0,0.1,19491
epoch,train_loss,train_acc,test_loss,test_acc,p_layer0,p_layer1,p_layer2,p_layer3
1,1.8846751739501952,0.33024,1.58023044090271,0.4157,0.017269862815737724,0.02467716857790947,-0.02010280266404152,-0.0244983471930027
