arch,width,seed,noise,params
basenet18,4,0,0.15,11000138
step,train_loss,train_acc,test_loss,test_acc,p_layer0,p_layer1,p_layer2,p_layer3,p_layer4,p_layer5,p_layer6,p_layer7,p_layer8,p_layer9,p_layer10,p_layer11,p_layer12,p_layer13,p_layer14,p_layer15,p_layer16
1,2.414572238922119,0.0703125,2.303634325027466,0.107,-0.01834825426340103,-0.023361150175333023,0.05126858130097389,-0.0033171414397656918,0.012916184961795807,0.025586631149053574,-0.007607286795973778,-0.021496813744306564,-0.024700356647372246,0.010520368814468384,0.008004278875887394,0.0006438318523578346,0.0025136766489595175,0.006351078860461712,-0.00031100609339773655,2.1922693122178316e-05,0.0010506605030968785
