arch,width,seed,noise,params
simplecnn,,0,0.1,1557066
epoch,train_loss,train_acc,test_loss,test_acc,p_layer0,p_layer1,p_layer2,p_layer3
1,3.142465339927673,0.23066,1.8260081066131593,0.3523,-0.009192656725645065,-0.02693386934697628,-0.08696100115776062,-0.02160952053964138
