arch,width,seed,noise,params
simplecnn,,1,0.1,185976
epoch,train_loss,train_acc,test_loss,test_acc,p_layer0,p_layer1,p_layer2,p_layer3
1,2.032608581504822,0.29898,1.8473072633743286,0.3223,0.1696244478225708,-0.005208188202232122,-0.008134398609399796,-0.2631670832633972
