arch,width,seed,noise,params
simplecnn,,0,0.1,2136535
epoch,train_loss,train_acc,test_loss,test_acc,p_layer0,p_layer1,p_layer2,p_layer3
1,2.7555424193572997,0.21588,1.910788946723938,0.2771,-0.009449834004044533,-0.014796203933656216,-0.03763528913259506,-0.04706553369760513
